n_aa_substitutions,correlation 0,model,num_epitopes,beta_l1_coefficient
1,0.3874975717390407,Escape,3,0.0
2,0.40569867777358304,Escape,3,0.0
3,0.48707725989409345,Escape,3,0.0
4,0.48831373672330924,Escape,3,0.0
5,0.49591677183965405,Escape,3,0.0
6,0.42883623835661416,Escape,3,0.0
7,0.41384587784415344,Escape,3,0.0
8,0.4227263183980011,Escape,3,0.0
