n_aa_substitutions,correlation 0,model,num_epitopes,beta_l1_coefficient
1,0.45177883960373866,Escape,3,0.0
2,0.5081988846457465,Escape,3,0.0
3,0.40427728723875805,Escape,3,0.0
4,0.4895406592282059,Escape,3,0.0
5,0.4525194894396678,Escape,3,0.0
6,0.4087846451943602,Escape,3,0.0
7,0.40663063795046195,Escape,3,0.0
8,0.3786424970900497,Escape,3,0.0
