n_aa_substitutions,correlation 0,model,num_epitopes,beta_l1_coefficient
1,0.28252849875664254,Escape,3,0.0
2,0.4702487112953195,Escape,3,0.0
3,0.4019363098470455,Escape,3,0.0
4,0.4407681369332841,Escape,3,0.0
5,0.47941699277846955,Escape,3,0.0
