n_aa_substitutions,correlation 0,model,num_epitopes,beta_l1_coefficient
1,0.3956687196164718,Escape,3,0.0
2,0.4594743516595826,Escape,3,0.0
3,0.5054006103807537,Escape,3,0.0
4,0.472275881134333,Escape,3,0.0
5,0.44507389472795233,Escape,3,0.0
