epitope,activity
1,1.265482518745741
2,3.150901518889
3,2.1162744851341038
