epitope,mutation,escape
class 1,N331A,0.08226
class 1,N331D,0.777
class 1,N331E,0.08226
class 1,N331F,0.08226
class 1,N331G,1.701
class 1,N331H,0.5729
class 1,N331I,2.62
class 1,N331K,0.08226
class 1,N331L,0.08226
class 1,N331M,0.08226
class 1,N331P,0.08226
class 1,N331Q,0.1478
class 1,N331R,0.08226
class 1,N331S,1.159
class 1,N331T,1.092
class 1,N331V,0.08226
class 1,I332A,0.08226
class 1,I332C,2.69
class 1,I332D,1.039
class 1,I332E,0.272
class 1,I332F,0.08226
class 1,I332G,1.102
class 1,I332H,1.424
class 1,I332K,1.943
class 1,I332L,1.74
class 1,I332M,0.08226
class 1,I332N,1.21
class 1,I332P,0.8077
class 1,I332Q,0.08226
class 1,I332R,1.216
class 1,I332S,1.406
class 1,I332T,0.08226
class 1,I332V,0.08226
class 1,I332W,0.08226
class 1,I332Y,3.297
class 1,T333A,0.08226
class 1,T333C,0.7112
class 1,T333D,0.08226
class 1,T333E,0.08226
class 1,T333F,0.08226
class 1,T333G,0.08226
class 1,T333H,2.603
class 1,T333K,0.08226
class 1,T333L,0.08226
class 1,T333M,2.401
class 1,T333N,0.7107
class 1,T333P,0.9668
class 1,T333Q,0.08226
class 1,T333R,0.455
class 1,T333S,0.08226
class 1,T333V,0.08226
class 1,T333W,0.08226
class 1,T333Y,1.218
class 2,N331A,0.7033
class 2,N331D,0.7458
class 2,N331E,0.6859
class 2,N331F,0.6993
class 2,N331G,0.6939
class 2,N331H,0.6889
class 2,N331I,0.6874
class 2,N331K,0.6839
class 2,N331L,0.6889
class 2,N331M,0.6558
class 2,N331P,0.6733
class 2,N331Q,0.6814
class 2,N331R,0.6894
class 2,N331S,0.6894
class 2,N331T,0.6864
class 2,N331V,0.6879
class 2,I332A,0.6879
class 2,I332C,0.6904
class 2,I332D,0.6934
class 2,I332E,0.6959
class 2,I332F,0.6894
class 2,I332G,0.6904
class 2,I332H,0.6799
class 2,I332K,0.7033
class 2,I332L,0.6889
class 2,I332M,0.719
class 2,I332N,0.6625
class 2,I332P,0.6758
class 2,I332Q,0.6834
class 2,I332R,0.6884
class 2,I332S,0.6753
class 2,I332T,0.7058
class 2,I332V,0.6869
class 2,I332W,0.6834
class 2,I332Y,0.6894
class 2,T333A,0.6854
class 2,T333C,0.6864
class 2,T333D,0.6959
class 2,T333E,0.6651
class 2,T333F,0.6869
class 2,T333G,0.6672
class 2,T333H,0.6864
class 2,T333K,0.6849
class 2,T333L,0.6773
class 2,T333M,0.6884
class 2,T333N,0.6859
class 2,T333P,0.6814
class 2,T333Q,0.6884
class 2,T333R,0.7072
class 2,T333S,0.6874
class 2,T333V,0.6814
class 2,T333W,0.6874
class 2,T333Y,0.6924
