epitope,mean,median,std
class 1,2.0073255237105303,2.026166493521796,0.1039258557490219
class 2,2.6155907585693865,2.5577037098914985,0.09799823036620608
class 3,1.980017901936965,1.9694215567260591,0.07257978853098342
