n_aa_substitutions,correlation 0,model,num_epitopes,beta_l1_coefficient
1,0.39542960037741126,Escape,3,0.0
2,0.5193355038852716,Escape,3,0.0
3,0.4364284621304336,Escape,3,0.0
4,0.42204615522458533,Escape,3,0.0
