n_aa_substitutions,correlation 0,model,num_epitopes,beta_l1_coefficient
1,0.3507534655665905,Escape,3,0.0
2,0.466818312947188,Escape,3,0.0
3,0.46364288455444663,Escape,3,0.0
4,0.47316603814337793,Escape,3,0.0
