n_aa_substitutions,correlation 0,model,num_epitopes,beta_l1_coefficient
1,0.44999769709852366,Escape,3,0.0
2,0.5727788060099825,Escape,3,0.0
3,0.5330536391094567,Escape,3,0.0
4,0.4428976472103649,Escape,3,0.0
5,0.45765710875851745,Escape,3,0.0
6,0.4082832135584338,Escape,3,0.0
7,0.4056685286636197,Escape,3,0.0
