n_aa_substitutions,correlation 0,model,num_epitopes,beta_l1_coefficient
1,0.39349572309033454,Escape,3,0.0
2,0.5035589173210394,Escape,3,0.0
3,0.48946572546311234,Escape,3,0.0
4,0.47451834270533544,Escape,3,0.0
5,0.38368544678820227,Escape,3,0.0
6,0.4381171017613838,Escape,3,0.0
7,0.4846776724031336,Escape,3,0.0
